word,count_today,growth,score
mua,427,-0.8952007835455436,2.1655687367439627
bán,418,-0.854412786657401,2.9765376086898216
tăng,263,-0.9017857142857143,1.5927680548437089
phiên,261,-0.8457008244994111,2.4927794690269254
tỷ,251,-0.6992840095465394,4.764237277415543
giảm,240,-0.8402915838303512,2.4741921442968526
thị_trường,233,-0.9273291925465839,1.1092717329996449
hàng,225,-0.8327165062916358,2.509252405625462
cổ_phiếu,224,-0.936726659167604,0.9469886524455989
kéo,223,-0.8472032742155525,2.281741700659788
lãi,223,-0.5642023346303502,6.507846951687256
tiền,189,-0.8706603131381893,1.7781267162183994
mạnh,183,-0.8590038314176245,1.9073608149871557
tím,173,-0.5817307692307693,5.501472788956892
lái,165,-0.7398119122257053,3.3421765016589524
atc,143,-0.046357615894039736,11.40390428481193
nhóm,141,-0.9002808988764045,1.1840987193535
chiều,136,-0.7133891213389121,3.342428492024294
dòng,134,-0.878158844765343,1.4104133410439348
đáy,126,-0.8648936170212767,1.516565387617948
